{
  "person": "first_person",
  "state": "Rest",
  "file": "C:\\Users\\julia\\2026_Agentic_AI\\course-agenticai-ecg-hrv\\data-group\\2026-Chu-Lin-Lin-data\\data\\first_person\\Rest\\595_static_level3_20260115_192827_extended_poll.bin_align.csv",
  "k_used": 3.0,
  "window_size_sec": 60.0,
  "overlap": 0.5,
  "n_windows": 3,
  "n_pass": 3,
  "pass_rate": 1.0,
  "windows": [
    {
      "start_sec": 0.0,
      "end_sec": 60.0,
      "pass": true,
      "rr_mean": 808.1081081081081,
      "sdnn": 42.76971389322941,
      "rmssd": 55.39398117742515
    },
    {
      "start_sec": 30.0,
      "end_sec": 90.0,
      "pass": true,
      "rr_mean": 792.1621621621622,
      "sdnn": 46.442489705608324,
      "rmssd": 51.39159357726669
    },
    {
      "start_sec": 60.0,
      "end_sec": 120.0,
      "pass": true,
      "rr_mean": 780.8450704225352,
      "sdnn": 38.60963902126142,
      "rmssd": 45.355736761107266
    }
  ]
}