{
  "person": "second_person",
  "state": "Active",
  "file": "C:\\Users\\julia\\2026_Agentic_AI\\course-agenticai-ecg-hrv\\data-group\\2026-Chu-Lin-Lin-data\\data\\second_person\\Active\\809_rotate_20260113_233459_extended_poll.bin_align.csv",
  "k_used": 3.0,
  "window_size_sec": 60.0,
  "overlap": 0.5,
  "n_windows": 3,
  "n_pass": 3,
  "pass_rate": 1.0,
  "windows": [
    {
      "start_sec": 0.0,
      "end_sec": 60.0,
      "pass": true,
      "rr_mean": 826.1971830985915,
      "sdnn": 65.07942833147591,
      "rmssd": 49.28053803045811
    },
    {
      "start_sec": 30.0,
      "end_sec": 90.0,
      "pass": true,
      "rr_mean": 818.6111111111111,
      "sdnn": 68.40858103565242,
      "rmssd": 54.74653503731126
    },
    {
      "start_sec": 60.0,
      "end_sec": 120.0,
      "pass": true,
      "rr_mean": 825.2777777777778,
      "sdnn": 59.858335629116425,
      "rmssd": 61.89495872438205
    }
  ]
}