{
  "first_person": {
    "Active": {
      "rr_mean": {
        "mean": 0.6712695800061664,
        "std": 0.07551140726835667
      },
      "sdnn": {
        "mean": 44.654558608569566,
        "std": 13.029513591484912
      },
      "rmssd": {
        "mean": 46.57838439333874,
        "std": 4.903565885353806
      }
    },
    "Rest": {
      "rr_mean": {
        "mean": 0.7793112721013837,
        "std": 0.05316014875923315
      },
      "sdnn": {
        "mean": 42.793861174787075,
        "std": 4.400425648541987
      },
      "rmssd": {
        "mean": 49.54401816857329,
        "std": 5.684810067380479
      }
    }
  },
  "second_person": {
    "Active": {
      "rr_mean": {
        "mean": 0.6786605785748364,
        "std": 0.09441392736436324
      },
      "sdnn": {
        "mean": 54.750037402378986,
        "std": 14.938309621888209
      },
      "rmssd": {
        "mean": 49.33597818147987,
        "std": 7.914075274651916
      }
    },
    "Rest": {
      "rr_mean": {
        "mean": 0.7592036730142728,
        "std": 0.01951829783999902
      },
      "sdnn": {
        "mean": 53.553340132695126,
        "std": 9.333803380571782
      },
      "rmssd": {
        "mean": 48.493193282140055,
        "std": 6.428911597144561
      }
    }
  }
}